Timestamp,TP9_b,TP9_t,TP9_a,TP9_d,AF7_b,AF7_t,AF7_a,AF7_d,AF8_b,AF8_t,AF8_a,AF8_d,TP10_b,TP10_t,TP10_a,TP10_d
1645352802.195,0.0055954670533537865,0.0049345470033586025,0.008213721215724945,0.02277350053191185,NaN,NaN,NaN,NaN,0.0003333683416713029,0.0006228071288205683,0.0013277166290208697,0.01078420877456665,0.002914695767685771,0.004987015388906002,0.004451985005289316,0.024089572951197624
1645352802.329,0.003561231540516019,0.0034209706354886293,0.009874419309198856,0.026018396019935608,NaN,NaN,NaN,NaN,0.0005190063966438174,0.0005260012112557888,0.0009802432032302022,0.012935776263475418,0.002124883932992816,0.0032848494593054056,0.00523860938847065,0.023375792428851128
1645352802.43,0.0067132385447621346,0.005196267273277044,0.006906685419380665,0.022135484963655472,NaN,NaN,NaN,NaN,0.00042964957538060844,0.0007564649567939341,0.001357605098746717,0.012816248461604118,0.0026224306784570217,0.004718372598290443,0.004708317574113607,0.02177404798567295
1645352802.586,0.004000306595116854,0.0033540665172040462,0.009278246201574802,0.024583879858255386,NaN,NaN,NaN,NaN,0.0007401785114780068,0.000550015945918858,0.0016370565863326192,0.013546950183808804,0.0023832139559090137,0.0032988230232149363,0.00491044158115983,0.022480741143226624
1645352802.713,0.004366945009678602,0.005320691969245672,0.006663075648248196,0.02114775776863098,NaN,NaN,NaN,NaN,0.0006756042712368071,0.0007622281555086374,0.0015349964378401637,0.014145431108772755,0.0014833832392469049,0.003368431469425559,0.0044060200452804565,0.02135644108057022
1645352802.824,0.003509481670334935,0.004430318716913462,0.010781382210552692,0.025155747309327126,NaN,NaN,NaN,NaN,0.000616524601355195,0.0004201041010674089,0.0017260739114135504,0.015075109899044037,0.002658926649019122,0.0036885980516672134,0.005001457408070564,0.021404873579740524
1645352802.942,0.004133028443902731,0.0055014765821397305,0.010858641937375069,0.020061805844306946,NaN,NaN,NaN,NaN,0.0008540616254322231,0.0007633065688423812,0.0015302576357498765,0.014826202765107155,0.0021714160684496164,0.003815946402028203,0.006543722469359636,0.01899193599820137
1645352803.096,0.005034840665757656,0.0041939737275242805,0.011400642804801464,0.023379260674118996,NaN,NaN,NaN,NaN,0.0007110360893420875,0.00046164472587406635,0.0019356360426172614,0.014483809471130371,0.0033358812797814608,0.0035599209368228912,0.00736957835033536,0.018043192103505135
1645352803.173,0.0054860650561749935,0.005177202634513378,0.010785753838717937,0.02085956372320652,6.2492547035217285,0.6112414002418518,0.7599754333496094,13.265961647033691,0.0005009757587686181,0.0007196797523647547,0.0014623922761529684,0.015359730459749699,0.0024746195413172245,0.004206167533993721,0.006947331130504608,0.01833593100309372
1645352803.31,0.004582736175507307,0.004095639102160931,0.01259084977209568,0.022946784272789955,NaN,NaN,NaN,NaN,0.0008411451708525419,0.0004558002401608974,0.0018790746107697487,0.013842306099832058,0.0037490485701709986,0.003420918947085738,0.0068609025329351425,0.018107132986187935
1645352803.445,0.005556137766689062,0.004508839920163155,0.010588799603283405,0.02310568280518055,NaN,NaN,NaN,NaN,0.001155644771642983,0.0008430915186181664,0.0014453036710619926,0.014159198850393295,0.001981682376936078,0.004984743893146515,0.008429589681327343,0.019769970327615738
1645352803.573,0.005491502583026886,0.005428086966276169,0.011456107720732689,0.020872926339507103,NaN,NaN,NaN,NaN,0.00067859364207834,0.00043529379763640463,0.0020061361137777567,0.015472723171114922,0.0031642564572393894,0.005332054104655981,0.007932196371257305,0.018200937658548355
1645352803.689,0.003942745737731457,0.004725721199065447,0.011909162625670433,0.022936707362532616,NaN,NaN,NaN,NaN,0.0013385429047048092,0.0007908433908596635,0.0016486740205436945,0.013638547621667385,0.0026152008213102818,0.004624217748641968,0.00855309423059225,0.01763174496591091
1645352803.824,0.004726765677332878,0.006738117430359125,0.011991067789494991,0.02141284942626953,NaN,NaN,NaN,NaN,0.001265384373255074,0.0004910493153147399,0.0021631738636642694,0.015010938048362732,0.0034157733898609877,0.0052545503713190556,0.007703872863203287,0.018401751294732094
1645352803.949,0.004594491794705391,0.0047387429513037205,0.012645385228097439,0.024160660803318024,NaN,NaN,NaN,NaN,0.0010923314839601517,0.000759512244258076,0.0015145913930609822,0.015109102241694927,0.0028880774043500423,0.0052788653410971165,0.008319550193846226,0.01879546418786049
1645352804.073,0.006521664094179869,0.005981975235044956,0.013207226060330868,0.01986854150891304,NaN,NaN,NaN,NaN,0.0008907582960091531,0.0005386046832427382,0.001984299160540104,0.012900598347187042,0.0045460909605026245,0.006813507527112961,0.009484870359301567,0.02095349133014679
1645352804.217,0.005730585660785437,0.005307214800268412,0.015068251639604568,0.02311537228524685,NaN,NaN,NaN,NaN,0.0008626910857856274,0.0008052631164900959,0.001130804535932839,0.01222966331988573,0.005523384548723698,0.007705300580710173,0.013161265291273594,0.02069617621600628
1645352804.313,0.006507817655801773,0.006548311095684767,0.015215829014778137,0.027674054726958275,NaN,NaN,NaN,NaN,0.0005760209169238806,0.000582104898057878,0.001420241896994412,0.012954069301486015,0.005312686786055565,0.008654769510030746,0.01176208071410656,0.02257378399372101
1645352804.448,0.00630123121663928,0.0054321750067174435,0.015431171283125877,0.025556718930602074,NaN,NaN,NaN,NaN,0.0009003060986287892,0.0007410585531033576,0.00128738465718925,0.012284924276173115,0.006012472789734602,0.008009473793208599,0.013566403649747372,0.01903533935546875
1645352804.594,0.006843156181275845,0.005266124848276377,0.014553000219166279,0.027390632778406143,NaN,NaN,NaN,NaN,0.0004542013048194349,0.0005563042941503227,0.0013968298444524407,0.012069840915501118,0.004935154225677252,0.008285408839583397,0.011269000358879566,0.01906123012304306
1645352804.674,0.00577030424028635,0.005834281910210848,0.011109886690974236,0.025109337642788887,NaN,NaN,NaN,NaN,0.0011237203143537045,0.000703316240105778,0.0011348529951646924,0.012586113065481186,0.005315604154020548,0.007767461705952883,0.011174374260008335,0.01892683282494545
1645352804.811,0.004006057512015104,0.004410356283187866,0.010912409983575344,0.02504102699458599,NaN,NaN,NaN,NaN,0.000997256487607956,0.0006710306042805314,0.0017368156695738435,0.013227890245616436,0.0033412138000130653,0.007603634148836136,0.008270462043583393,0.018326014280319214
1645352804.952,0.006677719764411449,0.006137932185083628,0.01202218234539032,0.0262326467782259,NaN,NaN,NaN,NaN,0.0008143154555000365,0.0006919031729921699,0.0017439051298424602,0.013440679758787155,0.005003886763006449,0.007758076768368483,0.01161819789558649,0.02211623080074787
1645352805.049,0.003489323193207383,0.0068745240569114685,0.01176938135176897,0.027101073414087296,NaN,NaN,NaN,NaN,0.00054056296357885,0.0007175387581810355,0.0018058689311146736,0.014443716034293175,0.004005477298051119,0.008775257505476475,0.009702439419925213,0.020197685807943344
1645352805.189,0.006527847144752741,0.006514040753245354,0.010872789658606052,0.027310673147439957,NaN,NaN,NaN,NaN,0.0006457044510170817,0.0006125243380665779,0.0017219012370333076,0.014550697058439255,0.004399805795401335,0.006163840647786856,0.010741431266069412,0.024037862196564674
1645352805.331,0.002700838027521968,0.006807888392359018,0.01183354202657938,0.02999899722635746,NaN,NaN,NaN,NaN,0.0005291115376166999,0.0007278777775354683,0.0017970066983252764,0.012577300891280174,0.003651993116363883,0.006647171918302774,0.008803443051874638,0.02976165898144245
1645352805.422,0.0057825809344649315,0.007533584721386433,0.010412206873297691,0.03150816634297371,NaN,NaN,NaN,NaN,0.00035616845707409084,0.0006086300709284842,0.0017770882695913315,0.014145951718091965,0.0047648330219089985,0.006134945899248123,0.010395231656730175,0.03133616968989372
1645352805.568,0.003922995179891586,0.006795242428779602,0.010399358347058296,0.02989688515663147,NaN,NaN,NaN,NaN,0.000722244440112263,0.0006872994126752019,0.0016570177394896746,0.013354220427572727,0.003728747833520174,0.006679868791252375,0.00795634463429451,0.02897489443421364
1645352805.719,0.00669025769457221,0.006865437608212233,0.009927992708981037,0.030743993818759918,NaN,NaN,NaN,NaN,0.0005879572127014399,0.0006166077801026404,0.0017134700901806355,0.012755067087709904,0.004977329634130001,0.00486849807202816,0.00964728556573391,0.031070228666067123
1645352805.809,0.003907341510057449,0.006139010656625032,0.009194564074277878,0.026471417397260666,NaN,NaN,NaN,NaN,0.0005557480617426336,0.000613188196439296,0.00156027649063617,0.011389420367777348,0.003773665754124522,0.004323948640376329,0.005929179023951292,0.02527594193816185
1645352805.957,0.006682151462882757,0.005105889867991209,0.006652739364653826,0.025716818869113922,NaN,NaN,NaN,NaN,0.0003586125385481864,0.000771918217651546,0.0018572913249954581,0.011703284457325935,0.00181446666829288,0.0023586186580359936,0.005595331080257893,0.028902916237711906
1645352806.092,0.00390626210719347,0.004794198554009199,0.008339005522429943,0.022944148629903793,NaN,NaN,NaN,NaN,0.0009245960973203182,0.0010388965019956231,0.0026931383181363344,0.010268607176840305,0.002187797799706459,0.0030225436203181744,0.006338398437947035,0.024860261008143425
1645352806.177,0.00492043187841773,0.005415274295955896,0.007235186640173197,0.03123016655445099,NaN,NaN,NaN,NaN,0.0005004236591048539,0.0011742871720343828,0.0019590789452195168,0.0115204481408,0.0027896014507859945,0.0030346810817718506,0.00607568584382534,0.035164106637239456
1645352806.337,0.0030282000079751015,0.005710391327738762,0.008111443370580673,0.025222154334187508,NaN,NaN,NaN,NaN,0.0009771239710971713,0.0011032229522243142,0.002480718307197094,0.010631823912262917,0.0029953939374536276,0.007272842340171337,0.01105312630534172,0.03103061206638813
1645352806.459,0.005588831380009651,0.005915108136832714,0.007079112809151411,0.027209222316741943,NaN,NaN,NaN,NaN,0.000984997721388936,0.001225512009114027,0.0017593549564480782,0.012406202964484692,0.0038608182221651077,0.0056441547349095345,0.007168722804635763,0.03483080118894577
1645352806.559,0.0038606016896665096,0.0061850156635046005,0.007371802348643541,0.026341956108808517,NaN,NaN,NaN,NaN,0.0009012756054289639,0.0013216760708019137,0.0027138791047036648,0.01123654842376709,0.0048980629071593285,0.007136793807148933,0.010895687155425549,0.032993756234645844
1645352806.693,0.0046053421683609486,0.0050733364187181,0.005396736785769463,0.02448069117963314,NaN,NaN,NaN,NaN,0.0007517429767176509,0.0013449782272800803,0.0019128491403535008,0.011214392259716988,0.0044402871280908585,0.005915686022490263,0.006502688396722078,0.03108626790344715
1645352806.824,0.004363672342151403,0.00393069488927722,0.006031726952642202,0.02350069396197796,NaN,NaN,NaN,NaN,0.0006082989275455475,0.001323729520663619,0.0025370968505740166,0.009362530894577503,0.0044021159410476685,0.005994187667965889,0.009801993146538734,0.030578117817640305
1645352806.928,0.004616269841790199,0.004579922184348106,0.007892203517258167,0.022242983803153038,NaN,NaN,NaN,NaN,0.0005506557645276189,0.0013040839694440365,0.0022775030229240656,0.010107675567269325,0.004706617910414934,0.007646066602319479,0.007374201435595751,0.027615878731012344
1645352807.07,0.005156871397048235,0.0032499332446604967,0.005367359612137079,0.02117122709751129,NaN,NaN,NaN,NaN,0.0005602060700766742,0.0013415144057944417,0.0025322658475488424,0.01015885267406702,0.004877287428826094,0.005799735430628061,0.009993030689656734,0.02261483669281006
1645352807.213,0.009104765951633453,0.003994101192802191,0.006831348408013582,0.01954634301364422,NaN,NaN,NaN,NaN,0.0004905082168988883,0.001236828276887536,0.002304503694176674,0.010576613247394562,0.008476903662085533,0.008787041530013084,0.008749470114707947,0.01938488334417343
1645352807.313,0.0046358234249055386,0.003454177873209119,0.00529140280559659,0.02102683112025261,NaN,NaN,NaN,NaN,0.0008399231010116637,0.0014384944224730134,0.002490869490429759,0.009835217148065567,0.003642504336312413,0.006745215505361557,0.0101206935942173,0.02381829544901848
1645352807.45,0.006471902597695589,0.005025624297559261,0.006159141659736633,0.018561001867055893,NaN,NaN,NaN,NaN,0.0005904717254452407,0.0013200815301388502,0.0024445143062621355,0.01045751292258501,0.005713130813091993,0.009917002171278,0.010940669104456902,0.02135551907122135
1645352807.593,0.003907014150172472,0.003463264787569642,0.004354668315500021,0.02147160843014717,NaN,NaN,NaN,NaN,0.0005899622337892652,0.001370973652228713,0.0024934697430580854,0.010108912363648415,0.005478185601532459,0.0069982693530619144,0.011755768209695816,0.025917597115039825
1645352807.69,0.0047590299509465694,0.004882125649601221,0.0062792436219751835,0.021019326522946358,NaN,NaN,NaN,NaN,0.0006400400307029486,0.001167585956864059,0.002328193513676524,0.011129146441817284,0.004318683408200741,0.009404401294887066,0.010670147836208344,0.023314975202083588
1645352807.811,0.003649646183475852,0.0036486871540546417,0.003858759067952633,0.022382263094186783,NaN,NaN,NaN,NaN,0.0006178584299050272,0.0007897568284533918,0.0014693861594423652,0.010309258475899696,0.00538157531991601,0.00628396961838007,0.0103865135461092,0.025495437905192375
1645352807.945,0.006270749028772116,0.005052144639194012,0.00697887409478426,0.019738011062145233,NaN,NaN,NaN,NaN,0.0006475073168985546,0.001006991951726377,0.002113743918016553,0.011352276429533958,0.004182322882115841,0.008179830387234688,0.009079267270863056,0.02089226432144642
1645352808.051,0.005672684870660305,0.0037110932171344757,0.005988139193505049,0.018089639022946358,NaN,NaN,NaN,NaN,0.0005700902547687292,0.0008209057850763202,0.0014871335588395596,0.010449784807860851,0.0038887285627424717,0.0025902872439473867,0.005000842269510031,0.016702445223927498
1645352808.191,0.0060845729894936085,0.00591718964278698,0.007757543586194515,0.015433460474014282,NaN,NaN,NaN,NaN,0.0005870023160241544,0.0009175301529467106,0.0020972390193492174,0.010756813921034336,0.0026989977341145277,0.004421079531311989,0.004931265488266945,0.01837570033967495
1645352808.332,0.004966898821294308,0.00477657001465559,0.0071761393919587135,0.015238774009048939,NaN,NaN,NaN,NaN,0.0004627766029443592,0.0006381651037372649,0.0015014820965006948,0.011423036456108093,0.002293346682563424,0.00414992542937398,0.0060509368777275085,0.013308255933225155
1645352808.433,0.005655123386532068,0.006496227812021971,0.007608350366353989,0.015837060287594795,NaN,NaN,NaN,NaN,0.0010121935047209263,0.0006828476907685399,0.0018232797738164663,0.010586990043520927,0.002751388121396303,0.004920951556414366,0.005349611397832632,0.01621200703084469
1645352808.573,0.005423020571470261,0.006430562119930983,0.008884535171091557,0.018447458744049072,NaN,NaN,NaN,NaN,0.0005378873902373016,0.0006398181430995464,0.0014752178685739636,0.011870153248310089,0.002618310274556279,0.004579813219606876,0.0063177067786455154,0.016015324741601944
1645352808.726,0.0048858243972063065,0.007099614478647709,0.006005655042827129,0.01866842620074749,5.135301113128662,0.30773550271987915,0.34377700090408325,12.995121955871582,0.0007365785422734916,0.0005177138955332339,0.0015338528901338577,0.012834321707487106,0.0030125195626169443,0.0044936989434063435,0.005223938263952732,0.018035363405942917
1645352808.82,0.005076930858194828,0.006403785198926926,0.006605083122849464,0.016794931143522263,6.776005744934082,0.5269500613212585,0.35953474044799805,12.623249053955078,0.0007365550263784826,0.0005876646027900279,0.0013782160822302103,0.013203396461904049,0.0030059523414820433,0.004060368053615093,0.005317918956279755,0.016336163505911827
1645352808.944,0.005256665870547295,0.006665256805717945,0.005799448117613792,0.017841659486293793,NaN,NaN,NaN,NaN,0.0009581781341694295,0.00062909274129197,0.001321774790994823,0.01236790046095848,0.00259425793774426,0.00375078315846622,0.004264628514647484,0.016912424936890602
1645352809.102,0.005831083282828331,0.00563726807013154,0.005919705145061016,0.016169877722859383,NaN,NaN,NaN,NaN,0.0008154050447046757,0.0007633136701770127,0.0015348037704825401,0.01424340344965458,0.003339396556839347,0.003816155018284917,0.005395311862230301,0.015226786956191063
1645352809.18,0.005545348860323429,0.005942713003605604,0.006002622190862894,0.017876842990517616,NaN,NaN,NaN,NaN,0.0007808629889041185,0.0006905003683641553,0.0017184700118377805,0.013530014082789421,0.003180236555635929,0.0030128012876957655,0.0034200313966721296,0.01633249595761299
1645352809.332,0.0049651023000478745,0.005575600545853376,0.006601645611226559,0.017103441059589386,NaN,NaN,NaN,NaN,0.0005614408291876316,0.0009811435593292117,0.0016579749062657356,0.014272174797952175,0.0024009468033909798,0.003888392122462392,0.0046752034686505795,0.015105200000107288
1645352809.454,0.005162951536476612,0.005720018409192562,0.00593169080093503,0.017210856080055237,NaN,NaN,NaN,NaN,0.0006991727859713137,0.0008368253475055099,0.002083592116832733,0.012911468744277954,0.0017950350884348154,0.0034067716915160418,0.003884493140503764,0.014702783897519112
1645352809.575,0.005897339899092913,0.005350147839635611,0.006107268389314413,0.01758142188191414,NaN,NaN,NaN,NaN,0.0005058339447714388,0.0008683126652613282,0.001704262220300734,0.013735800981521606,0.0017417346825823188,0.003646671073511243,0.005144906230270863,0.0141568873077631
1645352809.692,0.005381137598305941,0.005717959254980087,0.005760682746767998,0.016980314627289772,NaN,NaN,NaN,NaN,0.0008692994597367942,0.0008167752530425787,0.001818599528633058,0.012038207612931728,0.002811221405863762,0.004315740894526243,0.004963869694620371,0.015794677659869194
1645352809.828,0.004560178145766258,0.005320906639099121,0.0045819394290447235,0.015951259061694145,NaN,NaN,NaN,NaN,0.0006422464502975345,0.0007699517882429063,0.0018074450781568885,0.012805658392608166,0.002840111730620265,0.003752077929675579,0.004557866137474775,0.016137905418872833
1645352809.929,0.004895830526947975,0.0036377354990690947,0.003499259939417243,0.016020096838474274,NaN,NaN,NaN,NaN,0.000739370530936867,0.0005139883141964674,0.0020015111658722162,0.01236992422491312,0.0016860844334587455,0.0026891494635492563,0.004767637699842453,0.015817830339074135
1645352810.072,0.004348793998360634,0.0032593272626399994,0.0043328432366251945,0.017233707010746002,NaN,NaN,NaN,NaN,0.000358987832441926,0.0008109536138363183,0.0023172390647232533,0.011628217063844204,0.0020518635865300894,0.0023566195741295815,0.00330637046135962,0.017219631001353264
1645352810.213,0.004107164219021797,0.0034399281721562147,0.005561004858464003,0.014631441794335842,NaN,NaN,NaN,NaN,0.0005690458347089589,0.00048148390487767756,0.0016913270810618997,0.01144430972635746,0.0017946723382920027,0.0024726625997573137,0.0045567648485302925,0.016414234414696693
1645352810.308,0.00394037552177906,0.003248709486797452,0.003742850385606289,0.01509725023061037,NaN,NaN,NaN,NaN,0.0009437238913960755,0.0008797543123364449,0.0024275847245007753,0.0115016745403409,0.001723281224258244,0.0024837355595082045,0.0034116669557988644,0.016815725713968277
1645352810.454,0.005069070030003786,0.0030391558539122343,0.005343673285096884,0.015063820406794548,NaN,NaN,NaN,NaN,0.00046963978093117476,0.0006370729533955455,0.001834823633544147,0.009752110578119755,0.0022379872389137745,0.0027215343434363604,0.00462131155654788,0.017209762707352638
1645352810.593,0.004506338853389025,0.0028634103946387768,0.004458530806005001,0.016779227182269096,NaN,NaN,NaN,NaN,0.0003568098763935268,0.0009631675202399492,0.002325699431821704,0.009166218340396881,0.0026044759433716536,0.002959856064990163,0.003744898596778512,0.015976859256625175
1645352810.673,0.004694507457315922,0.003554244991391897,0.005621889140456915,0.01670813001692295,NaN,NaN,NaN,NaN,0.0007910673157311976,0.0007811665418557823,0.0020909695886075497,0.010521857999265194,0.002069146605208516,0.003186240093782544,0.0049219499342143536,0.016141366213560104
1645352810.826,0.003858174430206418,0.0035329298116266727,0.0068275523371994495,0.018756549805402756,NaN,NaN,NaN,NaN,0.0010160193778574467,0.0010216765804216266,0.0022582318633794785,0.010162152349948883,0.00219396292231977,0.003460722276940942,0.004956419114023447,0.02004891261458397
1645352810.946,0.004485780373215675,0.003283880418166518,0.006245396099984646,0.017029058188199997,NaN,NaN,NaN,NaN,0.000947707740124315,0.0008659489103592932,0.0016266938764601946,0.01022679265588522,0.0030203317292034626,0.004158823285251856,0.005387210287153721,0.015566457994282246
1645352811.057,0.004760062322020531,0.003005092730745673,0.006957417353987694,0.015871237963438034,NaN,NaN,NaN,NaN,0.00041896477341651917,0.0007584973354823887,0.0019781067967414856,0.010180443525314331,0.0030501950532197952,0.0039038322865962982,0.005127543117851019,0.01696968451142311
1645352811.188,0.006029567215591669,0.003367423778399825,0.007477035280317068,0.016536934301257133,NaN,NaN,NaN,NaN,0.0008644675835967064,0.0009308418957516551,0.0015005386667326093,0.010504134930670261,0.004186621867120266,0.00418772641569376,0.005508189555257559,0.015798522159457207
1645352811.332,0.0035582578275352716,0.004302710294723511,0.008920014835894108,0.017641166225075722,NaN,NaN,NaN,NaN,0.000611505180131644,0.0007602586993016303,0.0017174071399495006,0.010741204023361206,0.0023071083705872297,0.004115353338420391,0.005383527837693691,0.02143600769340992
1645352811.43,0.0035754425916820765,0.00298193353228271,0.008451859466731548,0.019234873354434967,NaN,NaN,NaN,NaN,0.0006589756230823696,0.001021523610688746,0.0015901713632047176,0.012732919305562973,0.0031475936993956566,0.0034129784908145666,0.005826875101774931,0.020893078297376633
1645352811.572,0.003958539105951786,0.004066911991685629,0.008220149204134941,0.020836908370256424,NaN,NaN,NaN,NaN,0.0008938958635553718,0.0008231749525293708,0.0017561608692631125,0.011790248565375805,0.002359420992434025,0.0037694531492888927,0.005460565909743309,0.022488083690404892
1645352811.714,0.0022063697688281536,0.0032232983503490686,0.009141976945102215,0.020741384476423264,NaN,NaN,NaN,NaN,0.000606579938903451,0.0009050489752553403,0.0015267279231920838,0.014863012358546257,0.0028325493913143873,0.0038566114380955696,0.0057156928814947605,0.020148208364844322
1645352811.81,0.0040145437233150005,0.004920844454318285,0.008410105481743813,0.024075085297226906,NaN,NaN,NaN,NaN,0.00055548275122419,0.000759416667278856,0.0013023184146732092,0.012886552140116692,0.002130643231794238,0.003973898943513632,0.005607562605291605,0.02202899008989334
1645352811.951,0.004227820318192244,0.0042320117354393005,0.011291616596281528,0.02651412971317768,NaN,NaN,NaN,NaN,0.00039095646934583783,0.0012848710175603628,0.0017771323909983039,0.014062188565731049,0.0026191670913249254,0.004657317418605089,0.006663110572844744,0.021058475598692894
1645352812.094,0.0060578868724405766,0.0063316915184259415,0.01005901675671339,0.02371385134756565,NaN,NaN,NaN,NaN,0.0005671376129612327,0.0013332967646420002,0.0023957216180860996,0.013296833261847496,0.002578426618129015,0.005853970535099506,0.007907718420028687,0.02246399037539959
1645352812.189,0.003425922943279147,0.005716661456972361,0.01187469344586134,0.024529488757252693,NaN,NaN,NaN,NaN,0.0005573290982283652,0.0015080736484378576,0.002349621383473277,0.015545949339866638,0.002430556109175086,0.0052790394984185696,0.00782405212521553,0.02115877903997898
1645352812.311,0.005125982221215963,0.0067285820841789246,0.01263798400759697,0.023424483835697174,NaN,NaN,NaN,NaN,0.0008680526516400278,0.0020206894259899855,0.0029095658101141453,0.014404072426259518,0.002807463053613901,0.006610998418182135,0.010501888580620289,0.02269914746284485
1645352812.45,0.004723491612821817,0.007639027666300535,0.01485093031078577,0.024455027654767036,NaN,NaN,NaN,NaN,0.0005846460117027164,0.002038124715909362,0.0033006356097757816,0.014567019417881966,0.003242422128096223,0.005809797905385494,0.00994451530277729,0.024264998733997345
1645352812.552,0.004712611902505159,0.007922345772385597,0.012437216006219387,0.023767996579408646,NaN,NaN,NaN,NaN,0.0007941130315884948,0.002429908374324441,0.0035132591146975756,0.014829067513346672,0.0020587295293807983,0.007510272786021233,0.010572262108325958,0.026869041845202446
1645352812.692,0.003031261498108506,0.007037621457129717,0.01417601853609085,0.025262819603085518,NaN,NaN,NaN,NaN,0.0005593657842837274,0.0019396384013816714,0.003608213271945715,0.016087505966424942,0.0018315427005290985,0.005370369181036949,0.010120660066604614,0.023457320407032967
1645352812.827,0.003674141364172101,0.008434975519776344,0.01221077237278223,0.0247973445802927,NaN,NaN,NaN,NaN,0.0006346090813167393,0.002341147745028138,0.0034713461063802242,0.014867858961224556,0.0029349634423851967,0.0071069831028580666,0.009718465618789196,0.02603519707918167
1645352812.93,0.003335944376885891,0.006696733180433512,0.013014025054872036,0.027564793825149536,NaN,NaN,NaN,NaN,0.0003938606532756239,0.001806973828934133,0.0036617079749703407,0.015352287329733372,0.0030610805843025446,0.005180158652365208,0.009886167012155056,0.025481369346380234
1645352813.074,0.00481591559946537,0.007455223239958286,0.011905434541404247,0.026120642200112343,NaN,NaN,NaN,NaN,0.0005955451051704586,0.0023637234698981047,0.0036030011251568794,0.015219849534332752,0.0027610950637608767,0.0065169003792107105,0.009581279940903187,0.025700118392705917
1645352813.221,0.004944584332406521,0.0065517365001142025,0.013156850822269917,0.025670969858765602,NaN,NaN,NaN,NaN,0.0006091413670219481,0.0018284461693838239,0.0038397188764065504,0.013992995955049992,0.004113706760108471,0.005454413127154112,0.009355012327432632,0.020438022911548615
1645352813.324,0.005380246322602034,0.007286198437213898,0.012297593057155609,0.024320291355252266,NaN,NaN,NaN,NaN,0.0008229618542827666,0.0024573535192757845,0.0034455875866115093,0.014259357005357742,0.0010670763440430164,0.006168806925415993,0.008924257010221481,0.022327901795506477
1645352813.425,0.004380529746413231,0.006437571253627539,0.012081904336810112,0.024697458371520042,NaN,NaN,NaN,NaN,0.0006547269877046347,0.0018084734911099076,0.003895360045135021,0.011479337699711323,0.001997260842472315,0.004742709454149008,0.008325710892677307,0.019842850044369698
1645352813.593,0.003270138520747423,0.006453354377299547,0.013149257749319077,0.026003025472164154,NaN,NaN,NaN,NaN,0.0006327981245703995,0.0022093881852924824,0.00324880238622427,0.012008598074316978,0.0023906046990305185,0.005744943395256996,0.008213984780013561,0.021840708330273628
1645352813.675,0.0040323263965547085,0.0056301322765648365,0.009983912110328674,0.021723654121160507,NaN,NaN,NaN,NaN,0.0006076942663639784,0.001792591530829668,0.0038609979674220085,0.01340082660317421,0.004058154299855232,0.005316892638802528,0.008432588540017605,0.021106932312250137
1645352813.809,0.004887773189693689,0.00486775953322649,0.010010911151766777,0.02272692136466503,NaN,NaN,NaN,NaN,0.00046433668467216194,0.0017153637018054724,0.002620737999677658,0.011584281921386719,0.0024592468980699778,0.00496112322434783,0.007937666028738022,0.020588675513863564
1645352813.945,0.004310629330575466,0.0039619808085262775,0.01006761472672224,0.022371063008904457,NaN,NaN,NaN,NaN,0.00048347917618229985,0.001528952270746231,0.0026763975620269775,0.013043779879808426,0.0019289196934551,0.0045590815134346485,0.007676504086703062,0.020961754024028778
1645352814.048,0.004512691404670477,0.00601121224462986,0.009583091363310814,0.022825954481959343,NaN,NaN,NaN,NaN,0.0004890916170552373,0.0010141467209905386,0.001485008979216218,0.013119096867740154,0.0024165106005966663,0.004605445545166731,0.006081788334995508,0.02084297686815262
1645352814.19,0.0023276021238416433,0.0028106942772865295,0.009992455132305622,0.023430604487657547,NaN,NaN,NaN,NaN,0.0010904145892709494,0.0007854626746848226,0.001362753682769835,0.014431578107178211,0.0029973655473440886,0.003980764653533697,0.005663966294378042,0.01899672858417034
1645352814.33,0.003971520345658064,0.003322863020002842,0.007653689477592707,0.020437132567167282,NaN,NaN,NaN,NaN,0.0006030178046785295,0.000974276103079319,0.0016590774757787585,0.015431001782417297,0.0024085473269224167,0.0034763808362185955,0.005574198439717293,0.016762783750891685
1645352814.453,0.003278419841080904,0.0033142599277198315,0.010285647585988045,0.020939964801073074,NaN,NaN,NaN,NaN,0.0008698237943463027,0.0015135252615436912,0.002435365691781044,0.017233991995453835,0.0027598245069384575,0.004333016462624073,0.008799530565738678,0.020224332809448242
1645352814.574,0.004850361030548811,0.0035121203400194645,0.008101414889097214,0.019656166434288025,NaN,NaN,NaN,NaN,0.0006113916169852018,0.0010419712634757161,0.0024887227918952703,0.016609102487564087,0.0032767485827207565,0.003982966765761375,0.007889128290116787,0.018726512789726257
1645352814.708,0.0035675098188221455,0.0039888652972877026,0.012346620671451092,0.01785031333565712,NaN,NaN,NaN,NaN,0.0010908073745667934,0.00162700901273638,0.0027311115991324186,0.017428535968065262,0.0022857950534671545,0.004441611468791962,0.01014263927936554,0.021160036325454712
1645352814.792,0.003746944246813655,0.003733796998858452,0.010620257817208767,0.01779397949576378,NaN,NaN,NaN,NaN,0.00048670373507775366,0.0009279545629397035,0.0025558483321219683,0.020888090133666992,0.0029615997336804867,0.0032259556464850903,0.008213832043111324,0.018464479595422745
1645352814.952,0.004363813437521458,0.0045192185789346695,0.013048072345554829,0.017529089003801346,NaN,NaN,NaN,NaN,0.0008926488226279616,0.001619630609638989,0.0025963755324482918,0.021875601261854172,0.002367759821936488,0.004118573386222124,0.010664266534149647,0.019007742404937744
1645352815.092,0.005953071638941765,0.003583695273846388,0.011371586471796036,0.01642550341784954,NaN,NaN,NaN,NaN,0.0008721103076823056,0.0011216821148991585,0.0027326038107275963,0.02085214853286743,0.003607384627684951,0.00286098918877542,0.00917680561542511,0.017816467210650444
1645352815.171,0.003592873690649867,0.004696856252849102,0.014000661671161652,0.019385412335395813,NaN,NaN,NaN,NaN,0.0009260614751838148,0.0014372261939570308,0.0024475441314280033,0.022473836317658424,0.0018243329832330346,0.004461546428501606,0.010525890626013279,0.01857515051960945
1645352815.309,0.0036175150889903307,0.003704366972669959,0.01219960954040289,0.019771317020058632,NaN,NaN,NaN,NaN,0.0007536274497397244,0.0011743911309167743,0.002691612346097827,0.021658679470419884,0.001943504437804222,0.0024604073259979486,0.008837355300784111,0.019135085865855217
1645352815.448,0.004325686953961849,0.004619282204657793,0.013236012309789658,0.017102910205721855,NaN,NaN,NaN,NaN,0.0005711062112823129,0.0011008377186954021,0.0023075679782778025,0.022837864235043526,0.0023362969513982534,0.00286417780444026,0.009659938514232635,0.01683739945292473
1645352815.554,0.004470451269298792,0.004183919634670019,0.012335198000073433,0.020727844908833504,NaN,NaN,NaN,NaN,0.0007520961808040738,0.001429797150194645,0.0030015630181878805,0.021232066676020622,0.002023607026785612,0.0027637018356472254,0.007659475784748793,0.018170034512877464
1645352815.689,0.003118246328085661,0.004497176967561245,0.012616489082574844,0.0170871801674366,NaN,NaN,NaN,NaN,0.0004859976761508733,0.0010825630743056536,0.00233870605006814,0.02073001302778721,0.0016686603194102645,0.003146346192806959,0.008652283810079098,0.01630323939025402
1645352815.832,0.0021908185444772243,0.003621663898229599,0.011516567319631577,0.02274368703365326,NaN,NaN,NaN,NaN,0.0016008137026801705,0.0015876776305958629,0.0030518192797899246,0.019276974722743034,0.001843106234446168,0.0037140273489058018,0.009051734581589699,0.01644519902765751
1645352815.93,0.004205415025353432,0.0036610933020710945,0.009996146894991398,0.018366657197475433,NaN,NaN,NaN,NaN,0.0008872724138200283,0.0011511308839544654,0.0024787059519439936,0.021766580641269684,0.002900478895753622,0.0037317126989364624,0.010568956844508648,0.015630915760993958
1645352816.072,0.001995556056499481,0.003180683823302388,0.00997525081038475,0.01947217620909214,NaN,NaN,NaN,NaN,0.0006685210391879082,0.0008845432894304395,0.0025171299930661917,0.01715332269668579,0.002955477451905608,0.003374679246917367,0.008624248206615448,0.017727453261613846
1645352816.216,0.00446697510778904,0.00322624109685421,0.00786793977022171,0.01853771135210991,NaN,NaN,NaN,NaN,0.0006289494340308011,0.0008667203946970403,0.0015144129283726215,0.01648152805864811,0.003373326500877738,0.003244197927415371,0.006363448686897755,0.016293862834572792
1645352816.312,0.002843511523678899,0.002886564703658223,0.009310607798397541,0.019753996282815933,NaN,NaN,NaN,NaN,0.0004633528587874025,0.0007091935258358717,0.0015641076024621725,0.015649165958166122,0.0024022504221647978,0.0031004042830318213,0.006911314092576504,0.01712239533662796
1645352816.451,0.004689940717071295,0.0029376933816820383,0.0064088995568454266,0.018518371507525444,NaN,NaN,NaN,NaN,0.0007015254232101142,0.0009788133902475238,0.001160615822300315,0.017301766201853752,0.002681993879377842,0.0026392124127596617,0.005850006826221943,0.013592851348221302
1645352816.591,0.003484828630462289,0.0027546968776732683,0.0071324799209833145,0.019341519102454185,NaN,NaN,NaN,NaN,0.00039976646075956523,0.0007765977061353624,0.0016038634348660707,0.015182314440608025,0.002562126610428095,0.003150886856019497,0.00638317596167326,0.014337155967950821
1645352816.671,0.004474279936403036,0.003230851609259844,0.005930076818913221,0.017799800261855125,NaN,NaN,NaN,NaN,0.0005134797538630664,0.0008509143954142928,0.0012785234721377492,0.013987635262310505,0.002001519314944744,0.0026970424223691225,0.007021856494247913,0.014467134140431881
1645352816.812,0.0025071781128644943,0.003458338789641857,0.008279015310108662,0.021428832784295082,NaN,NaN,NaN,NaN,0.0007376063149422407,0.0008398907375521958,0.001374650513753295,0.014294909313321114,0.0017775242449715734,0.003371560014784336,0.007306818850338459,0.01439207699149847
1645352816.947,0.003913382068276405,0.003189252922311425,0.00560405058786273,0.017599666491150856,NaN,NaN,NaN,NaN,0.0006125958170741796,0.0010013465071097016,0.001370582147501409,0.01481206901371479,0.0018794797360897064,0.0027539420407265425,0.007010915782302618,0.015197410248219967
1645352817.051,0.0028496680315583944,0.0038051761221140623,0.006865801755338907,0.018009265884757042,NaN,NaN,NaN,NaN,0.0006999529432505369,0.001002589357085526,0.0017287858063355088,0.015104254707694054,0.0020677794236689806,0.003663139883428812,0.007611622102558613,0.014596561901271343
1645352817.195,0.002880396554246545,0.003944950643926859,0.0049678971990942955,0.016123389825224876,NaN,NaN,NaN,NaN,0.0008142326842062175,0.0009861411526799202,0.0012371162883937359,0.013522285036742687,0.0021268120035529137,0.003007896477356553,0.00681617297232151,0.01719958521425724
1645352817.331,0.0028660516254603863,0.0039110309444367886,0.005954287480562925,0.019116338342428207,NaN,NaN,NaN,NaN,0.0006534986314363778,0.0007626324077136815,0.0015667371917515993,0.014062060974538326,0.002459688577800989,0.0033765751868486404,0.006936915218830109,0.01669442094862461
1645352817.431,0.003651730017736554,0.004572753328830004,0.00572713278234005,0.021112844347953796,NaN,NaN,NaN,NaN,0.0004907714901492,0.0009522621403448284,0.0012544681085273623,0.013646290637552738,0.0014278613962233067,0.0028188112191855907,0.00753971328958869,0.02448331192135811
1645352817.572,0.0030823061242699623,0.004265913274139166,0.005848761647939682,0.020765366032719612,NaN,NaN,NaN,NaN,0.0006492202519439161,0.0006605198723264039,0.0014064242132008076,0.013911315239965916,0.0024984413757920265,0.002784192794933915,0.00573918130248785,0.021410055458545685
1645352817.704,0.004066432360559702,0.009371979162096977,0.01145300641655922,0.02344256453216076,NaN,NaN,NaN,NaN,0.0004646665183827281,0.0009046560153365135,0.001306214602664113,0.012436948716640472,0.002461855998262763,0.005724185146391392,0.012584743089973927,0.029587700963020325
1645352817.809,0.004060753155499697,0.008260801434516907,0.011832480318844318,0.02731413021683693,NaN,NaN,NaN,NaN,0.0007040921482257545,0.0009336984367109835,0.0016675435472279787,0.014025154523551464,0.002875550650060177,0.004803230985999107,0.0122545026242733,0.028129462152719498
1645352817.932,0.004401226993650198,0.010062550194561481,0.012166651897132397,0.025527989491820335,NaN,NaN,NaN,NaN,0.0006892710225656629,0.0009669662686064839,0.0016706711612641811,0.01387373823672533,0.002327682450413704,0.005888800602406263,0.012752463109791279,0.03001711331307888
1645352818.091,0.0043723671697080135,0.0075934529304504395,0.011940155178308487,0.026872308924794197,NaN,NaN,NaN,NaN,0.0006515661370940506,0.0009426645701751113,0.0017545780865475535,0.014468636363744736,0.002699853852391243,0.004526448901742697,0.01250932551920414,0.02982669323682785
1645352818.174,0.004323605448007584,0.009775951504707336,0.011614716611802578,0.0253822673112154,NaN,NaN,NaN,NaN,0.0008414275944232941,0.0010475068120285869,0.0017256400315091014,0.012605004943907261,0.002814863808453083,0.006304280832409859,0.012846351601183414,0.030338630080223083
1645352818.308,0.00597806554287672,0.008473233319818974,0.01235046423971653,0.02723732218146324,NaN,NaN,NaN,NaN,0.000974475871771574,0.0009543428313918412,0.001872057793661952,0.015186506323516369,0.0028087536338716745,0.005285980179905891,0.012642609886825085,0.02858821488916874
1645352818.452,0.00594720896333456,0.011089855805039406,0.014352355152368546,0.025512009859085083,NaN,NaN,NaN,NaN,0.0008946217130869627,0.0010233033681288362,0.001653542392887175,0.013342988677322865,0.004354150965809822,0.007535511162132025,0.014300752431154251,0.03112579695880413
1645352818.543,0.007562417071312666,0.010199576616287231,0.013945785351097584,0.026385821402072906,NaN,NaN,NaN,NaN,0.00043628629646264017,0.0011079473188146949,0.0017893225885927677,0.014173354022204876,0.003906982950866222,0.005493063945323229,0.013964683748781681,0.031229926273226738
1645352818.691,0.005854065530002117,0.011168833822011948,0.013354579918086529,0.027590682730078697,NaN,NaN,NaN,NaN,0.0007027959800325334,0.0009749988676048815,0.001678404863923788,0.012372100725769997,0.004711948335170746,0.008406025357544422,0.01449414063245058,0.03166985511779785
1645352818.829,0.006855768151581287,0.010979119688272476,0.014376471750438213,0.026524843648076057,NaN,NaN,NaN,NaN,0.0008605418261140585,0.0011157789267599583,0.0016479630721732974,0.013293693773448467,0.004005024675279856,0.005613784771412611,0.014597753994166851,0.0320560522377491
1645352818.928,0.007012594491243362,0.01117731723934412,0.013293894939124584,0.028523815795779228,NaN,NaN,NaN,NaN,0.0005668171215802431,0.0008833067258819938,0.0017170709325000644,0.014168967492878437,0.0052133467979729176,0.008072136901319027,0.01431002002209425,0.03257119283080101
1645352819.07,0.007035659626126289,0.010738466866314411,0.01435893215239048,0.02882213145494461,NaN,NaN,NaN,NaN,0.0008047487353906035,0.0012752157635986805,0.0017934365896508098,0.013142994605004787,0.004128475207835436,0.005362675059586763,0.015073639340698719,0.030426928773522377
1645352819.213,0.00720249256119132,0.010495143942534924,0.01269468292593956,0.026248827576637268,2.3520872592926025,0.3937879204750061,0.6204898357391357,12.448967933654785,0.0006736262002959847,0.0009853034280240536,0.00241733412258327,0.014108637347817421,0.0048852842301130295,0.007970424368977547,0.013909528963267803,0.03224208205938339
1645352819.29,0.006505567580461502,0.009276785887777805,0.013917699456214905,0.025709154084324837,NaN,NaN,NaN,NaN,0.0006194619927555323,0.0011416630586609244,0.0021578380838036537,0.013506670482456684,0.003598386188969016,0.005099538713693619,0.014588418416678905,0.030279455706477165
1645352819.453,0.005569835659116507,0.004799643065780401,0.0077195484191179276,0.020260635763406754,NaN,NaN,NaN,NaN,0.0005387889104895294,0.0008980518323369324,0.002431970089673996,0.014452365227043629,0.003813402494415641,0.003986544907093048,0.008920518681406975,0.02678503282368183
1645352819.567,0.005805918946862221,0.005364119540899992,0.008968588896095753,0.020476624369621277,NaN,NaN,NaN,NaN,0.0009368232567794621,0.0008218087605200708,0.0016858828021213412,0.01568119414150715,0.0033698338083922863,0.0030406429432332516,0.007413963787257671,0.025924991816282272
1645352819.673,0.00834846030920744,0.009514186531305313,0.012933190912008286,0.021745020523667336,NaN,NaN,NaN,NaN,0.0007005931693129241,0.0009031654335558414,0.0019214986823499203,0.014790224842727184,0.005086205434054136,0.008481435477733612,0.014864646829664707,0.02693737857043743
1645352819.81,0.012242949567735195,0.014775916002690792,0.011873740702867508,0.023633446544408798,NaN,NaN,NaN,NaN,0.0014945524744689465,0.0009225643007084727,0.0022191288881003857,0.015417448244988918,0.00774105079472065,0.01134538371115923,0.01367933303117752,0.027767810970544815
1645352819.953,0.011314120143651962,0.011704964563250542,0.014617830514907837,0.02297237515449524,NaN,NaN,NaN,NaN,0.0005577827105298638,0.0010644198628142476,0.0020579698029905558,0.015390763059258461,0.008562527596950531,0.010701579041779041,0.014899174682796001,0.027824129909276962
1645352820.051,0.011703833937644958,0.014681831933557987,0.012384877540171146,0.025597939267754555,NaN,NaN,NaN,NaN,0.0007883508806116879,0.0010407346999272704,0.0024796687066555023,0.016227204352617264,0.00803978182375431,0.010847721248865128,0.013827145099639893,0.02992653287947178
1645352820.206,0.011367455124855042,0.009833583608269691,0.012019571848213673,0.024349233135581017,NaN,NaN,NaN,NaN,0.000434965273598209,0.0010655643418431282,0.002638228004798293,0.015688324347138405,0.009600563906133175,0.009785184636712074,0.013515986502170563,0.030103538185358047
1645352820.329,0.012124198488891125,0.012364477850496769,0.010086625814437866,0.025396181270480156,NaN,NaN,NaN,NaN,0.0006143878563307226,0.0008805656107142568,0.0027973533142358065,0.015405282378196716,0.007927676662802696,0.011705439537763596,0.012036642991006374,0.030889984220266342
1645352820.434,0.010990289971232414,0.010453224182128906,0.0116531141102314,0.023816384375095367,NaN,NaN,NaN,NaN,0.0006086589419282973,0.0011409310391172767,0.002532532438635826,0.013702508993446827,0.007917691022157669,0.009908359497785568,0.011285060085356236,0.030586082488298416
1645352820.573,0.011463363654911518,0.014519673772156239,0.012365189380943775,0.032190654426813126,NaN,NaN,NaN,NaN,0.000673106696922332,0.0010226317681372166,0.002996436320245266,0.016950437799096107,0.008718212135136127,0.01765861175954342,0.017360588535666466,0.03690272942185402
1645352820.711,0.010651735588908195,0.012587071396410465,0.01460886187851429,0.027492256835103035,NaN,NaN,NaN,NaN,0.0006211932632140815,0.0011968814069405198,0.002687056316062808,0.015034743584692478,0.00997819472104311,0.016314640641212463,0.016937699168920517,0.03398997336626053
1645352820.792,0.01147444173693657,0.014363003894686699,0.011155842803418636,0.03171849623322487,NaN,NaN,NaN,NaN,0.0004153514455538243,0.0009758583037182689,0.0025839433073997498,0.016918905079364777,0.008117063902318478,0.017198877409100533,0.01672467403113842,0.03700217604637146
1645352820.948,0.010474683716893196,0.01186330709606409,0.014464186504483223,0.02662254311144352,NaN,NaN,NaN,NaN,0.0003562183992471546,0.0010454058647155762,0.0024158458691090345,0.016284095123410225,0.00994213204830885,0.01584150269627571,0.016140110790729523,0.03249156475067139
1645352821.087,0.012418272905051708,0.014399340376257896,0.010349832475185394,0.028247632086277008,NaN,NaN,NaN,NaN,0.0005621345480903983,0.0010466518579050899,0.002204446354880929,0.01790495216846466,0.009016294032335281,0.016835670918226242,0.01639791950583458,0.03207426518201828
1645352821.171,0.009469814598560333,0.01162444707006216,0.013767545111477375,0.027941223233938217,NaN,NaN,NaN,NaN,0.0007643299177289009,0.00098209991119802,0.002522191498428583,0.016570119187235832,0.01024205144494772,0.016391919925808907,0.016647471114993095,0.03205281123518944
1645352821.31,0.010079595260322094,0.01383866649121046,0.009534814395010471,0.027063578367233276,NaN,NaN,NaN,NaN,0.0005869031301699579,0.001080855610780418,0.002313113072887063,0.015889352187514305,0.0091088330373168,0.016674432903528214,0.01622580923140049,0.032141510397195816
1645352821.451,0.008307114243507385,0.00778848584741354,0.011333608068525791,0.027574412524700165,NaN,NaN,NaN,NaN,0.0009640030330047011,0.0010383800836279988,0.00249059428460896,0.01447297353297472,0.009142987430095673,0.013255403377115726,0.012623834423720837,0.029136745259165764
1645352821.579,0.0048682657070457935,0.005801449064165354,0.009080270305275917,0.02522100694477558,NaN,NaN,NaN,NaN,0.0006168599938973784,0.000864736211951822,0.002258667489513755,0.016210950911045074,0.006191330961883068,0.009286978282034397,0.010996825061738491,0.029490072280168533
1645352821.689,0.003214702708646655,0.00568941468372941,0.011660958640277386,0.029303239658474922,NaN,NaN,NaN,NaN,0.0008687296649441123,0.0008978137047961354,0.002640462713316083,0.013639597222208977,0.003818093566223979,0.011194625869393349,0.01238579023629427,0.028966322541236877
1645352821.827,0.004195050336420536,0.005401637405157089,0.00830387044698,0.02644592523574829,NaN,NaN,NaN,NaN,0.0008134263334795833,0.0009819521801546216,0.002462979406118393,0.015669528394937515,0.005741178523749113,0.008683223277330399,0.010423211380839348,0.03192406892776489
1645352821.933,0.004161723889410496,0.0060028028674423695,0.012215934693813324,0.030039699748158455,NaN,NaN,NaN,NaN,0.0007355244015343487,0.0008243658812716603,0.0019767126068472862,0.014585538767278194,0.003796657780185342,0.010592421516776085,0.011132057756185532,0.02818267047405243
1645352822.068,0.005784552078694105,0.005293865222483873,0.007777285296469927,0.026669148355722427,NaN,NaN,NaN,NaN,0.0013290452770888805,0.0009554698481224477,0.0022637115325778723,0.015567813068628311,0.005251002032309771,0.00787947978824377,0.007723498158156872,0.02875961735844612
1645352822.211,0.0035312718246132135,0.005676761269569397,0.010369827039539814,0.02552059479057789,NaN,NaN,NaN,NaN,0.0007408145465888083,0.0007445304654538631,0.0021418556571006775,0.017498865723609924,0.0027854868676513433,0.010324531234800816,0.010684172622859478,0.024105129763484
1645352822.315,0.00426461873576045,0.003833664581179619,0.006673066411167383,0.020546481013298035,NaN,NaN,NaN,NaN,0.0005038034869357944,0.0007777558057568967,0.0021975929848849773,0.015344916842877865,0.003343825228512287,0.004122419282793999,0.005135068669915199,0.01974700577557087
1645352822.43,0.0030202604830265045,0.002645642263814807,0.00767696276307106,0.020781662315130234,NaN,NaN,NaN,NaN,0.0007265260792337358,0.0004993688780814409,0.0019195929635316133,0.01724538393318653,0.0021833113860338926,0.0023416688200086355,0.004873353987932205,0.018490290269255638
1645352822.591,0.0037746315356343985,0.0037314926739782095,0.005823727697134018,0.019337618723511696,NaN,NaN,NaN,NaN,0.0007290464709512889,0.0006550169782713056,0.0020585779566317797,0.018988201394677162,0.0024047561455518007,0.003340586554259062,0.004261326976120472,0.01763712614774704
1645352822.67,0.002457778435200453,0.002663031918928027,0.007513043936342001,0.019208872690796852,NaN,NaN,NaN,NaN,0.0006709438166581094,0.00043983294744975865,0.002077316166833043,0.017293252050876617,0.0024971195962280035,0.003520111320540309,0.004546575713902712,0.01324203610420227
1645352822.815,0.0040554990991950035,0.0036305314861238003,0.005310779437422752,0.01760910637676716,NaN,NaN,NaN,NaN,0.0004187182057648897,0.0007483212393708527,0.0020071780309081078,0.01822894811630249,0.0018742292886599898,0.003542101476341486,0.004694808274507523,0.015258632600307465
1645352822.955,0.004326943773776293,0.0030830074101686478,0.006993068382143974,0.01744065247476101,NaN,NaN,NaN,NaN,0.0007891121786087751,0.00047275208635255694,0.0020265826024115086,0.02104721963405609,0.0024769268929958344,0.0034188085701316595,0.003419301239773631,0.0138483177870512
1645352823.046,0.004679268691688776,0.0037812090013176203,0.005990832578390837,0.01842411607503891,NaN,NaN,NaN,NaN,0.00033415440702810884,0.0009417046094313264,0.0018151423428207636,0.02547581121325493,0.0020031549502164125,0.0035507071297615767,0.0037733009085059166,0.014462773688137531
1645352823.192,0.004632899072021246,0.003161853412166238,0.005387251265347004,0.018206024542450905,NaN,NaN,NaN,NaN,0.0003163728106301278,0.0004939005593769252,0.0019013365963473916,0.02562185935676098,0.002832762198522687,0.0034942191559821367,0.0037596041802316904,0.015036995522677898
1645352823.331,0.004414543509483337,0.003350934013724327,0.0034836172126233578,0.018755901604890823,NaN,NaN,NaN,NaN,0.0006103453342802823,0.0010568781290203333,0.002131932182237506,0.02724953182041645,0.0019053613068535924,0.003192927222698927,0.004761878401041031,0.016186194494366646
1645352823.432,0.004423714242875576,0.0024774312041699886,0.004505503457039595,0.016906341537833214,NaN,NaN,NaN,NaN,0.0006070501985959709,0.000539951550308615,0.001972548197954893,0.028576059266924858,0.0021501327864825726,0.00316731003113091,0.004882424138486385,0.015628887340426445
1645352823.572,0.004798967856913805,0.0029588649049401283,0.004055358469486237,0.016836799681186676,NaN,NaN,NaN,NaN,0.0005722499336116016,0.0008483967976644635,0.001905835117213428,0.027752872556447983,0.002202266827225685,0.003149038413539529,0.00615947600454092,0.015486232936382294
1645352823.715,0.0036616793368011713,0.0028724796138703823,0.005136055871844292,0.01740178093314171,NaN,NaN,NaN,NaN,0.0006360366242006421,0.00043060173629783094,0.0017905121203511953,0.027126530185341835,0.002140060067176819,0.0036411273758858442,0.006155631970614195,0.01649509370326996
1645352823.794,0.004340840503573418,0.003089373465627432,0.004631598945707083,0.023010464385151863,NaN,NaN,NaN,NaN,0.0008710019756108522,0.0006994516588747501,0.0016378149157389998,0.027631409466266632,0.0026023429818451405,0.0034535054583102465,0.005835943855345249,0.016116049140691757
1645352823.945,0.006333727389574051,0.0035618722904473543,0.005324788857251406,0.018136901780962944,NaN,NaN,NaN,NaN,0.0005136902327649295,0.0004256573738530278,0.0014014412881806493,0.02438618615269661,0.0026297131553292274,0.003836673451587558,0.006069113966077566,0.016704989597201347
1645352824.071,0.004383123014122248,0.0033871775958687067,0.005880003795027733,0.0226421058177948,NaN,NaN,NaN,NaN,0.0003070727689191699,0.0004909889539703727,0.0013800689484924078,0.027786552906036377,0.002153784269466996,0.003484726883471012,0.005573092959821224,0.018313467502593994
1645352824.171,0.004343127366155386,0.003717993851751089,0.008056826889514923,0.018667031079530716,NaN,NaN,NaN,NaN,0.0006444066530093551,0.00048733511357568204,0.0015509102959185839,0.0265529565513134,0.0026249364018440247,0.004241642542183399,0.007869993336498737,0.017436664551496506
1645352824.306,0.005588408559560776,0.004661295562982559,0.007440370973199606,0.021620219573378563,NaN,NaN,NaN,NaN,0.0007427249220199883,0.0004361630999483168,0.0014870428713038564,0.02420918270945549,0.0024656017776578665,0.0033756266348063946,0.008404882624745369,0.020115407183766365
1645352824.449,0.005022773519158363,0.004296322353184223,0.009915896691381931,0.019997436553239822,NaN,NaN,NaN,NaN,0.0007694480009377003,0.0004612794436980039,0.0013481174828484654,0.024547869339585304,0.001476600649766624,0.003112805774435401,0.010073496028780937,0.021110018715262413
1645352824.554,0.004399145022034645,0.00467873876914382,0.008362879976630211,0.023007698357105255,NaN,NaN,NaN,NaN,0.000763708958402276,0.0004446675884537399,0.0013389680534601212,0.022992951795458794,0.0018459726125001907,0.0034948827233165503,0.008232387714087963,0.02217230200767517
1645352824.685,0.003990377765148878,0.0038503226824104786,0.010329787619411945,0.01955956220626831,NaN,NaN,NaN,NaN,0.0009055909467861056,0.0003548335807863623,0.0013141116360202432,0.02088385820388794,0.0011063703568652272,0.003063949290663004,0.009847382083535194,0.02114321105182171
1645352824.83,0.005533293820917606,0.004675929434597492,0.008474997244775295,0.024333510547876358,NaN,NaN,NaN,NaN,0.00040669168811291456,0.0003640771028585732,0.0016424126224592328,0.017615078017115593,0.0026503209955990314,0.003390207886695862,0.008130843751132488,0.027515772730112076
1645352824.933,0.0042573437094688416,0.0038785028737038374,0.010500377044081688,0.023017527535557747,NaN,NaN,NaN,NaN,0.0006214953027665615,0.0003960108442697674,0.0013603429542854428,0.018971586599946022,0.0016153461765497923,0.0035775022115558386,0.009841515682637691,0.026337001472711563
1645352825.07,0.006965602748095989,0.004310426767915487,0.008693942800164223,0.024066759273409843,NaN,NaN,NaN,NaN,0.00046353679499588907,0.0005080387345515192,0.0014243265613913536,0.017084142193198204,0.0019619755912572145,0.003252137452363968,0.007584570907056332,0.024348676204681396
1645352825.213,0.0036303920205682516,0.0044292123056948185,0.010893447324633598,0.021094532683491707,NaN,NaN,NaN,NaN,0.0005572207737714052,0.00043782033026218414,0.0011499018874019384,0.017026925459504128,0.0015365526778623462,0.0034112909343093634,0.00820428691804409,0.023532623425126076
1645352825.292,0.0038553609047085047,0.0037873222026973963,0.007936176843941212,0.023339446634054184,NaN,NaN,NaN,NaN,0.0004112676251679659,0.0005452167824842036,0.0015925037441775203,0.018442854285240173,0.0014960110420361161,0.002422558842226863,0.0064760553650557995,0.02291838638484478
1645352825.431,0.0038303392939269543,0.00409371592104435,0.011084736324846745,0.02348029986023903,NaN,NaN,NaN,NaN,0.0007029597763903439,0.0003712834732141346,0.0012721961829811335,0.01866082288324833,0.0020121813286095858,0.0030361188109964132,0.006677333265542984,0.02527187205851078
1645352825.586,0.0039136167615652084,0.003178301267325878,0.008053949102759361,0.02210126258432865,NaN,NaN,NaN,NaN,0.0005639074370265007,0.0006181190838105977,0.0017220573499798775,0.01820056512951851,0.0015476859407499433,0.0021073275711387396,0.006984157953411341,0.025762589648365974
1645352825.672,0.0036663198843598366,0.0033035355154424906,0.010294570587575436,0.020630553364753723,NaN,NaN,NaN,NaN,0.0006298416410572827,0.00036295090103521943,0.001360954251140356,0.01910865493118763,0.0020523022394627333,0.0031777857802808285,0.006515988614410162,0.02522585354745388
1645352825.807,0.004310642369091511,0.0032595940865576267,0.007402637507766485,0.022330544888973236,NaN,NaN,NaN,NaN,0.000573878176510334,0.0005634649423882365,0.001565962447784841,0.01825878769159317,0.0010245878947898746,0.0022758645936846733,0.00782832968980074,0.027234232053160667
1645352825.971,0.003210534807294607,0.0030377323273569345,0.006799263413995504,0.02177284099161625,NaN,NaN,NaN,NaN,0.0010015256702899933,0.0004682500730268657,0.0014863759279251099,0.01680818386375904,0.0025550646241754293,0.0030693006701767445,0.005409826524555683,0.02651580050587654
1645352826.048,0.0039810421876609325,0.0021898490376770496,0.005652604158967733,0.02174505777657032,NaN,NaN,NaN,NaN,0.0002469692553859204,0.0006255515036173165,0.0015453333035111427,0.018148750066757202,0.0019003787310793996,0.002245456911623478,0.005497236270457506,0.026178644970059395
1645352826.192,0.0043379743583500385,0.0024791404139250517,0.005563307553529739,0.02277415245771408,NaN,NaN,NaN,NaN,0.0007194521022029221,0.0005732953432016075,0.0016154013574123383,0.01888984814286232,0.002407012041658163,0.002552703255787492,0.003034621477127075,0.023729078471660614
1645352826.328,0.004763508215546608,0.00263533229008317,0.004764680750668049,0.021511349827051163,NaN,NaN,NaN,NaN,0.0007854742580093443,0.0006328890449367464,0.0015834323130548,0.018816528841853142,0.0014866309938952327,0.0021053042728453875,0.005580806639045477,0.025286486372351646
1645352826.43,0.0030243913643062115,0.002585814567282796,0.005292277317494154,0.022596580907702446,NaN,NaN,NaN,NaN,0.00046346033923327923,0.0005695568397641182,0.0014975406229496002,0.01742294244468212,0.0019031926058232784,0.00254070688970387,0.003966073505580425,0.022013850510120392
1645352826.573,0.004339301027357578,0.0031119652558118105,0.00729723647236824,0.01862727291882038,NaN,NaN,NaN,NaN,0.0002630678645800799,0.0005351954023353755,0.0015498060965910554,0.01846390590071678,0.001877437112852931,0.00177181966137141,0.00545992236584425,0.020786499604582787
1645352826.709,0.0027630398981273174,0.003036626847460866,0.007252818904817104,0.017490141093730927,NaN,NaN,NaN,NaN,0.0007040142081677914,0.000739040260668844,0.0018293248722329736,0.017018284648656845,0.0010624462738633156,0.002906107110902667,0.005497477017343044,0.01584738865494728
1645352826.791,0.006818929221481085,0.005326940678060055,0.007285373285412788,0.022136079147458076,NaN,NaN,NaN,NaN,0.0012181673664599657,0.0006958750309422612,0.001648015109822154,0.015677569434046745,0.002566778101027012,0.004309146199375391,0.00635763444006443,0.025681108236312866
1645352826.928,0.004098945762962103,0.005823228508234024,0.012197793461382389,0.02074117586016655,NaN,NaN,NaN,NaN,0.0010364881018176675,0.0012517758877947927,0.0024894876405596733,0.015263575129210949,0.0018448698101565242,0.007104044780135155,0.01118540856987238,0.021503768861293793
1645352827.09,0.00419339956715703,0.006258513778448105,0.010174727067351341,0.025293955579400063,NaN,NaN,NaN,NaN,0.001186450244858861,0.0009780027903616428,0.002765094395726919,0.014084055088460445,0.0030361830722540617,0.005588199011981487,0.011251994408667088,0.025944510474801064
1645352827.173,0.004708230961114168,0.008278545923531055,0.017923405393958092,0.021856043487787247,NaN,NaN,NaN,NaN,0.0006393607473000884,0.0014799112686887383,0.002545844065025449,0.014244231395423412,0.0017888480797410011,0.008108941838145256,0.012742734514176846,0.021573251113295555
1645352827.316,0.005674125161021948,0.007739153690636158,0.0148819200694561,0.026115315034985542,NaN,NaN,NaN,NaN,0.0005456749931909144,0.0010999297956004739,0.002883504144847393,0.013835884630680084,0.003664357354864478,0.00608384283259511,0.012362182140350342,0.02510134130716324
1645352827.45,0.004360583610832691,0.008559753187000751,0.017937174066901207,0.020220540463924408,NaN,NaN,NaN,NaN,0.0009628406260162592,0.0015427486505359411,0.0026357844471931458,0.012969077564775944,0.0020412057638168335,0.008001485839486122,0.014521569013595581,0.02087702602148056
1645352827.553,0.0057302601635456085,0.00823451392352581,0.014811343513429165,0.022733720019459724,NaN,NaN,NaN,NaN,0.0009778098901733756,0.001060792594216764,0.0031052972190082073,0.015921317040920258,0.0038007651455700397,0.006636098958551884,0.012998066842556,0.025680234655737877
1645352827.691,0.002102702157571912,0.008486831560730934,0.018513567745685577,0.020019439980387688,NaN,NaN,NaN,NaN,0.0007473260047845542,0.0017279936000704765,0.002671255962923169,0.014692331664264202,0.002108356449753046,0.008363530971109867,0.015758560970425606,0.023877453058958054
1645352827.827,0.006365376524627209,0.008389619179069996,0.016262734308838844,0.022765792906284332,NaN,NaN,NaN,NaN,0.0010544387623667717,0.0015321066603064537,0.003030196763575077,0.01593920588493347,0.005440720357000828,0.008528228849172592,0.01475644763559103,0.027363844215869904
1645352827.924,0.0031975596211850643,0.00885799527168274,0.018077243119478226,0.020221548154950142,NaN,NaN,NaN,NaN,0.0006435837713070214,0.0018645137315616012,0.0030141775496304035,0.01234498806297779,0.0020621877629309893,0.008450309745967388,0.016297481954097748,0.02510571852326393
1645352828.073,0.00653764558956027,0.008407109417021275,0.017305240035057068,0.02203357219696045,NaN,NaN,NaN,NaN,0.0008784671081230044,0.001625671167857945,0.003513425588607788,0.013873038813471794,0.00523183960467577,0.008975743316113949,0.017036378383636475,0.025538017973303795
1645352828.209,0.003206151770427823,0.00890425220131874,0.018196173012256622,0.022211968898773193,NaN,NaN,NaN,NaN,0.0005799202481284738,0.0019555871840566397,0.0034537753090262413,0.013303669169545174,0.0030144143383949995,0.008350674994289875,0.017634013667702675,0.02539914660155773
1645352828.292,0.007240836508572102,0.007964102551341057,0.018357856199145317,0.02309608645737171,NaN,NaN,NaN,NaN,0.0008809867431409657,0.0016899255570024252,0.0034576887264847755,0.01344591099768877,0.004121051169931889,0.008779358118772507,0.01625780202448368,0.02593318372964859
1645352828.423,0.005025000777095556,0.008927634917199612,0.015695270150899887,0.022307975217700005,NaN,NaN,NaN,NaN,0.0007298812852241099,0.00191380619071424,0.0029232350643724203,0.012623662129044533,0.0026801135390996933,0.007391696330159903,0.015326292254030704,0.0256534144282341
1645352828.57,0.005533760413527489,0.007080019451677799,0.01819279044866562,0.023029638454318047,NaN,NaN,NaN,NaN,0.0010031195124611259,0.001668145414441824,0.003162919543683529,0.013995899818837643,0.0032069820445030928,0.0075095780193805695,0.015040303580462933,0.02081998623907566
1645352828.673,0.004365950357168913,0.0063572716899216175,0.012585342861711979,0.020286953076720238,NaN,NaN,NaN,NaN,0.0006130464607849717,0.0015130882384255528,0.002666159998625517,0.014801961369812489,0.0015124160563573241,0.003170902607962489,0.01015088614076376,0.020436979830265045
1645352828.806,0.0038028776179999113,0.0038940405938774347,0.013482495211064816,0.02016514167189598,NaN,NaN,NaN,NaN,0.000724669371265918,0.001246140105649829,0.0022211975883692503,0.014155950397253036,0.0018527196953073144,0.003912773448973894,0.006625358015298843,0.018498169258236885
1645352828.969,0.005328797735273838,0.003195506986230612,0.007976249791681767,0.019774997606873512,NaN,NaN,NaN,NaN,0.0006958083249628544,0.001049571787007153,0.0023526311852037907,0.014460100792348385,0.001439492916688323,0.002177079673856497,0.006823898758739233,0.020933760330080986
1645352829.055,0.003242030506953597,0.0028159369248896837,0.008343339897692204,0.017328478395938873,NaN,NaN,NaN,NaN,0.0005656618741340935,0.0011394934263080359,0.0023824579548090696,0.014500413089990616,0.0017392770387232304,0.003126499941572547,0.005841138772666454,0.020280927419662476
1645352829.182,0.004296936094760895,0.002910915296524763,0.0067154159769415855,0.01847519539296627,NaN,NaN,NaN,NaN,0.0006590546690858901,0.000959942932240665,0.00224769813939929,0.015251774340867996,0.0016079465858638287,0.0022658228408545256,0.005836556665599346,0.02396601065993309
1645352829.33,0.006251276470720768,0.0042030951008200645,0.011199474334716797,0.01788743957877159,NaN,NaN,NaN,NaN,0.000432503322372213,0.0012096504215151072,0.0025376363191753626,0.011389835737645626,0.001906874356791377,0.004522050730884075,0.007501539774239063,0.020229965448379517
1645352829.433,0.0053170849569141865,0.004116561263799667,0.010271617211401463,0.01842861995100975,NaN,NaN,NaN,NaN,0.0011452747276052833,0.0008909003809094429,0.0020659146830439568,0.012884735129773617,0.0017344220541417599,0.002261111745610833,0.01042940653860569,0.02093113586306572
1645352829.591,0.004679520148783922,0.004448494873940945,0.012459655292332172,0.01660153456032276,NaN,NaN,NaN,NaN,0.00040686794091016054,0.0009024054161272943,0.0025199875235557556,0.012662160210311413,0.0032002399675548077,0.005185481160879135,0.01617373153567314,0.020303774625062943
1645352829.712,0.004014616832137108,0.004642551299184561,0.010878201574087143,0.0192546583712101,NaN,NaN,NaN,NaN,0.001251224079169333,0.0008060396066866815,0.002170848660171032,0.015477384440600872,0.00248332810588181,0.005207290407270193,0.016720904037356377,0.02104388177394867
1645352829.813,0.005942522548139095,0.004601362626999617,0.012333573773503304,0.018723154440522194,NaN,NaN,NaN,NaN,0.00034962562494911253,0.0009042990277521312,0.0021775809582322836,0.013552314601838589,0.0022627885919064283,0.0046400330029428005,0.01635395549237728,0.020357007160782814
1645352829.93,0.0054321326315402985,0.005299060605466366,0.010029822587966919,0.020352531224489212,NaN,NaN,NaN,NaN,0.0006177994073368609,0.0006110352114774287,0.0016770509537309408,0.017543267458677292,0.0032612220384180546,0.005528159439563751,0.01574813760817051,0.022461887449026108
1645352830.087,0.005887254141271114,0.004846409894526005,0.011323779821395874,0.017213238403201103,NaN,NaN,NaN,NaN,0.0004399849276524037,0.0007794206612743437,0.001843008678406477,0.015583937056362629,0.0017083087004721165,0.004729376640170813,0.017293423414230347,0.02022533118724823
1645352830.172,0.004694004077464342,0.005242063198238611,0.01126521173864603,0.017446530982851982,NaN,NaN,NaN,NaN,0.0005693188868463039,0.0005724454531446099,0.0015585256041958928,0.018736587837338448,0.00244082510471344,0.005772985052317381,0.015988275408744812,0.022705333307385445
1645352830.314,0.007173722609877586,0.004129952751100063,0.01359859574586153,0.017466139048337936,NaN,NaN,NaN,NaN,0.0008675912395119667,0.0006790373590774834,0.0018322349060326815,0.015306231565773487,0.0028315058443695307,0.004808405879884958,0.01797756366431713,0.02061006799340248
1645352830.456,0.004756145179271698,0.0053206756711006165,0.01283501647412777,0.015331083908677101,NaN,NaN,NaN,NaN,0.0007443305221386254,0.000559987616725266,0.0016379455337300897,0.017977358773350716,0.0030928789637982845,0.007756279781460762,0.01793280988931656,0.02287602424621582
1645352830.551,0.006017650477588177,0.0043473620899021626,0.012951291166245937,0.018642855808138847,NaN,NaN,NaN,NaN,0.00082919787382707,0.0006925233756192029,0.0016887006349861622,0.014972090721130371,0.003663822775706649,0.005905693396925926,0.017951952293515205,0.023856593295931816
1645352830.69,0.005513932090252638,0.004917679354548454,0.011834868229925632,0.015294800512492657,NaN,NaN,NaN,NaN,0.0008767585386522114,0.0006073020631447434,0.0015372817870229483,0.01964782550930977,0.002549695083871484,0.007518696133047342,0.01790020801126957,0.02575022168457508
1645352830.83,0.0052812970243394375,0.004629096481949091,0.012996249832212925,0.01932629942893982,NaN,NaN,NaN,NaN,0.0005393105675466359,0.0006418200209736824,0.0016249537002295256,0.016398055478930473,0.003608459373936057,0.005363197531551123,0.017366521060466766,0.025759391486644745
1645352830.929,0.006600267253816128,0.0048815226182341576,0.012654383666813374,0.019151579588651657,NaN,NaN,NaN,NaN,0.0007256774697452784,0.0009857219411060214,0.0018271403387188911,0.020568059757351875,0.0022895901929587126,0.007331589702516794,0.01757121831178665,0.026271486654877663
1645352831.091,0.004295633640140295,0.0042851027101278305,0.010470801033079624,0.018682675436139107,NaN,NaN,NaN,NaN,0.0008026776486076415,0.001095786108635366,0.002083535771816969,0.017105616629123688,0.0031581008806824684,0.00402911938726902,0.015155504457652569,0.025475528091192245
1645352831.215,0.004871960263699293,0.003217433812096715,0.008499989286065102,0.0193695779889822,NaN,NaN,NaN,NaN,0.0007480979547835886,0.0010555556509643793,0.0019000499742105603,0.021492958068847656,0.0018554525449872017,0.006250348873436451,0.012079001404345036,0.024270087480545044
1645352831.292,0.004692032001912594,0.0039701638743281364,0.007508697919547558,0.020108738914132118,NaN,NaN,NaN,NaN,0.000606037094257772,0.0012532982509583235,0.0023098173551261425,0.01961124874651432,0.0021547102369368076,0.0030778213404119015,0.005775757599622011,0.026726968586444855
1645352831.427,0.0036477360408753157,0.0028653426561504602,0.0089375339448452,0.01978309266269207,NaN,NaN,NaN,NaN,0.0009154563886113465,0.0010367205832153559,0.0019361305749043822,0.021537359803915024,0.0020437075290828943,0.0034799748100340366,0.0061457399278879166,0.035524770617485046
1645352831.572,0.004835993051528931,0.004705602303147316,0.00856734998524189,0.01725059002637863,NaN,NaN,NaN,NaN,0.0008407697314396501,0.0013377178693190217,0.0025971222203224897,0.01841641589999199,0.003389146411791444,0.0039449636824429035,0.0068225315771996975,0.034544218331575394
1645352831.673,0.007962344214320183,0.004849710036069155,0.009055258706212044,0.017575278878211975,NaN,NaN,NaN,NaN,0.0007941813673824072,0.0011501526460051537,0.0020304578356444836,0.017747951671481133,0.005414313171058893,0.00620240205898881,0.007439234759658575,0.034506555646657944
1645352831.81,0.006510959006845951,0.0070518869906663895,0.007825804874300957,0.019038550555706024,NaN,NaN,NaN,NaN,0.0004894630401395261,0.0014135674573481083,0.0025899335741996765,0.017033901065587997,0.004779953975230455,0.007317668292671442,0.006685677450150251,0.03831730782985687
1645352831.952,0.006684130989015102,0.005599416326731443,0.008435108698904514,0.01784546673297882,NaN,NaN,NaN,NaN,0.0004676496027968824,0.00139141536783427,0.0023044401314109564,0.017187869176268578,0.005207465961575508,0.006684356834739447,0.008466084487736225,0.035294417291879654
1645352832.054,0.00688027311116457,0.008330805227160454,0.008715465664863586,0.01972680725157261,NaN,NaN,NaN,NaN,0.0009904030011966825,0.0014803792582824826,0.0024011260829865932,0.01744641363620758,0.004170882515609264,0.007669609040021896,0.007372762076556683,0.03863850235939026
1645352832.19,0.009714058600366116,0.013887612149119377,0.011152730323374271,0.022830532863736153,NaN,NaN,NaN,NaN,0.0008092195494100451,0.0020005865953862667,0.0036812929902225733,0.01853105239570141,0.005756131839007139,0.010702144354581833,0.010369505733251572,0.038793209940195084
1645352832.336,0.010015740990638733,0.016537463292479515,0.013864634558558464,0.022801201790571213,NaN,NaN,NaN,NaN,0.001081577269360423,0.0020571271888911724,0.004068503621965647,0.0189403984695673,0.005790897645056248,0.01261267438530922,0.010799799114465714,0.03877169266343117
1645352832.427,0.009944716468453407,0.016339009627699852,0.013839410617947578,0.02530480921268463,NaN,NaN,NaN,NaN,0.001195036224089563,0.0019507379038259387,0.004025422967970371,0.020476648584008217,0.007576623000204563,0.013981107622385025,0.014585627242922783,0.039135098457336426
1645352832.571,0.010956388898193836,0.017474038526415825,0.019024720415472984,0.025256872177124023,NaN,NaN,NaN,NaN,0.0011235401034355164,0.002222259296104312,0.004351173061877489,0.017741376534104347,0.008725377731025219,0.013804030604660511,0.016728879883885384,0.04213860630989075
1645352832.709,0.012612941674888134,0.018126558512449265,0.016066985204815865,0.024946138262748718,NaN,NaN,NaN,NaN,0.00046888311044313014,0.0018349697347730398,0.004048466216772795,0.019363466650247574,0.00706918491050601,0.016738343983888626,0.019357869401574135,0.040790826082229614
1645352832.791,0.013453254476189613,0.018345896154642105,0.019138066098093987,0.024874994531273842,NaN,NaN,NaN,NaN,0.0007599249365739524,0.001645988435484469,0.0039800903759896755,0.01728852652013302,0.009121987968683243,0.015013066120445728,0.016520803794264793,0.04321308434009552
1645352832.931,0.011706247925758362,0.018743447959423065,0.01642579585313797,0.023949123919010162,NaN,NaN,NaN,NaN,0.0008141926373355091,0.0017506279982626438,0.004022151697427034,0.018515529111027718,0.008789243176579475,0.017063001170754433,0.020482458174228668,0.04139828681945801
1645352833.069,0.011382193304598331,0.019190412014722824,0.01774994097650051,0.023186473175883293,NaN,NaN,NaN,NaN,0.00102115364279598,0.0017401366494596004,0.003911333158612251,0.013955277390778065,0.008064097724854946,0.015999972820281982,0.016205791383981705,0.04182775691151619
1645352833.17,0.009845471009612083,0.018566997721791267,0.0155980559065938,0.024677148088812828,NaN,NaN,NaN,NaN,0.0005823312094435096,0.0018970853416249156,0.004162836354225874,0.01460235845297575,0.007842738181352615,0.016970926895737648,0.01884211227297783,0.033726587891578674
1645352833.309,0.013243992812931538,0.0193462073802948,0.016347801312804222,0.02284061349928379,NaN,NaN,NaN,NaN,0.0011713642161339521,0.001578394789248705,0.0038067572750151157,0.013238268904387951,0.009010671637952328,0.015692073851823807,0.014870439656078815,0.03628113493323326
1645352833.448,0.009552429430186749,0.01687655970454216,0.01535070687532425,0.026414480060338974,NaN,NaN,NaN,NaN,0.0005522039136849344,0.001899418537504971,0.004050952382385731,0.016031598672270775,0.004566795192658901,0.013604656793177128,0.01928108185529709,0.03652834892272949
1645352833.559,0.008854408748447895,0.016156146302819252,0.016054503619670868,0.022608954459428787,NaN,NaN,NaN,NaN,0.0008138165576383471,0.0016259433468803763,0.0035245490726083517,0.015801766887307167,0.005980036221444607,0.011821035295724869,0.015979856252670288,0.03601831570267677
1645352833.687,0.008680013939738274,0.016305919736623764,0.015321817249059677,0.027617737650871277,NaN,NaN,NaN,NaN,0.000657367636449635,0.0016209367895498872,0.0036479311529546976,0.020985450595617294,0.004086540080606937,0.012864254415035248,0.018852291628718376,0.0356086827814579
1645352833.831,0.009319143369793892,0.016585636883974075,0.013998087495565414,0.021150877699255943,NaN,NaN,NaN,NaN,0.0006220813957042992,0.0013455741573125124,0.003576653776690364,0.019062038511037827,0.006471569649875164,0.01241906639188528,0.015272258780896664,0.040535811334848404
1645352833.93,0.007281062658876181,0.008889066986739635,0.01087199803441763,0.022166159003973007,NaN,NaN,NaN,NaN,0.0004650255723390728,0.0009917487623170018,0.00230407458730042,0.018986674025654793,0.003418944776058197,0.008119432255625725,0.01542642805725336,0.03341863304376602
1645352834.071,0.004766390193253756,0.007903661578893661,0.010120569728314877,0.019869299605488777,NaN,NaN,NaN,NaN,0.0007451027049683034,0.0007558739162050188,0.001894983695819974,0.016702087596058846,0.0038944853004068136,0.006010794080793858,0.012814072892069817,0.03645610809326172
1645352834.212,0.003906532656401396,0.006341850850731134,0.00983006227761507,0.018343109637498856,NaN,NaN,NaN,NaN,0.0005737500032410026,0.0008504667785018682,0.002042317995801568,0.017207149416208267,0.002761091571301222,0.005332947708666325,0.01384947169572115,0.031387750059366226
1645352834.29,0.004619312006980181,0.007681224029511213,0.008858243003487587,0.018453633412718773,NaN,NaN,NaN,NaN,0.0005083985161036253,0.0009017038973979652,0.0019966785330325365,0.016015298664569855,0.0023813832085579634,0.005876865237951279,0.009561466053128242,0.03176764398813248
1645352834.43,0.0047341687604784966,0.004093251656740904,0.008710724301636219,0.01875985413789749,NaN,NaN,NaN,NaN,0.0006442500744014978,0.0008639778825454414,0.00260789948515594,0.017678065225481987,0.0031030462123453617,0.0037729910109192133,0.013806835748255253,0.030512386932969093
1645352834.575,0.004404294304549694,0.0061507560312747955,0.008460786193609238,0.019986644387245178,NaN,NaN,NaN,NaN,0.0006800423725508153,0.000899661798030138,0.0023753673303872347,0.01625015214085579,0.0019356303382664919,0.0052591776475310326,0.01092064380645752,0.03367209807038307
1645352834.697,0.005311205051839352,0.004569215700030327,0.01382747758179903,0.01904621161520481,NaN,NaN,NaN,NaN,0.0005100417183712125,0.0010201751720160246,0.0025682488922029734,0.019440950825810432,0.002092682523652911,0.004696682561188936,0.014979035593569279,0.032046716660261154
1645352834.818,0.004365145228803158,0.006699136458337307,0.011985241435468197,0.020679304376244545,NaN,NaN,NaN,NaN,0.000755942368414253,0.0009713670006021857,0.0025340730790048838,0.021203726530075073,0.001616353983990848,0.0059980652295053005,0.011732004582881927,0.03251667320728302
1645352834.951,0.004790558945387602,0.008211488835513592,0.01801406219601631,0.01998690702021122,NaN,NaN,NaN,NaN,0.0010648450115695596,0.0010057016042992473,0.0023335309233516455,0.01986565627157688,0.0023736334405839443,0.005686100572347641,0.015516522340476513,0.031462665647268295
1645352835.074,0.003525495296344161,0.006548005621880293,0.01743931695818901,0.026924820616841316,NaN,NaN,NaN,NaN,0.0009100784081965685,0.0009184591472148895,0.0023509718012064695,0.020806269720196724,0.0026634836103767157,0.007945793680846691,0.01349219586700201,0.027779728174209595
1645352835.191,0.005214274860918522,0.00785774551331997,0.018412267789244652,0.02191917598247528,NaN,NaN,NaN,NaN,0.00069861562224105,0.001078049885109067,0.0022521500941365957,0.01925867795944214,0.0031216945499181747,0.0061061792075634,0.013978094793856144,0.02910653129220009
1645352835.332,0.003759304527193308,0.006244057323783636,0.01728707179427147,0.027029220014810562,NaN,NaN,NaN,NaN,0.001407767878845334,0.0009202536894008517,0.0023702180478721857,0.019588107243180275,0.002468566410243511,0.008039050735533237,0.012786155566573143,0.02925809472799301
1645352835.432,0.005307693500071764,0.007898562587797642,0.017748180776834488,0.02228469029068947,NaN,NaN,NaN,NaN,0.0007950434228405356,0.0011053788475692272,0.0022682056296616793,0.014264997094869614,0.002634897595271468,0.006443037651479244,0.013412573374807835,0.026828525587916374
1645352835.576,0.0036241980269551277,0.007362533360719681,0.01829426735639572,0.027577465400099754,NaN,NaN,NaN,NaN,0.001059492351487279,0.0007654019864276052,0.0021623203065246344,0.014978636987507343,0.002463095122948289,0.007968377321958542,0.01404651254415512,0.02448926866054535
1645352835.709,0.005240196827799082,0.007636187598109245,0.01969670131802559,0.024864153936505318,NaN,NaN,NaN,NaN,0.000959160621277988,0.0010982084786519408,0.002356651471927762,0.014976265840232372,0.002991737797856331,0.005941337440162897,0.011782347224652767,0.026515617966651917
1645352835.81,0.005665362812578678,0.00757586769759655,0.01891913264989853,0.025554126128554344,NaN,NaN,NaN,NaN,0.0005480218678712845,0.0008707927190698683,0.002334946533665061,0.017641602084040642,0.004102995153516531,0.0077511887066066265,0.014001109637320042,0.02670743688941002
1645352835.927,0.006665360182523727,0.007653309032320976,0.019861312583088875,0.023085346445441246,NaN,NaN,NaN,NaN,0.000954819202888757,0.0011587342014536262,0.0022884111385792494,0.01576877385377884,0.0034022366162389517,0.005571902263909578,0.011850442737340927,0.028134161606431007
1645352836.067,0.004912136122584343,0.006207377649843693,0.017219964414834976,0.023355625569820404,NaN,NaN,NaN,NaN,0.00043048037332482636,0.0006819927948527038,0.0020144502632319927,0.01628079079091549,0.0034732636995613575,0.00609706761315465,0.012634257785975933,0.02704492397606373
1645352836.189,0.005558028817176819,0.007352993357926607,0.01735544390976429,0.02233787626028061,NaN,NaN,NaN,NaN,0.0008257332374341786,0.0011495421640574932,0.0015147714875638485,0.014162995852530003,0.0021139716263860464,0.0041082073003053665,0.006404422223567963,0.02676212415099144
1645352836.311,0.004635949619114399,0.0065189930610358715,0.018682798370718956,0.022581439465284348,NaN,NaN,NaN,NaN,0.00043457915307953954,0.0007400880567729473,0.0014553945511579514,0.014552365988492966,0.0024017835967242718,0.0044459267519414425,0.009364498779177666,0.021693238988518715
1645352836.452,0.005565060768276453,0.005606216378509998,0.012011825107038021,0.021798942238092422,NaN,NaN,NaN,NaN,0.0008429080480709672,0.0008592630038037896,0.0010898554464802146,0.012184815481305122,0.003069237107411027,0.0036041398998349905,0.004945305176079273,0.023371625691652298
1645352836.553,0.004123790189623833,0.004971733782440424,0.012883637100458145,0.023525254800915718,NaN,NaN,NaN,NaN,0.0006382926949299872,0.0006854884559288621,0.0012507170904427767,0.01118922233581543,0.002580672735348344,0.0035697261337190866,0.006798603106290102,0.02160608023405075
1645352836.692,0.005201138090342283,0.004064053297042847,0.010706508532166481,0.022426500916481018,NaN,NaN,NaN,NaN,0.0004795414861291647,0.0009618997573852539,0.0015013600932434201,0.01123883854597807,0.0022846772335469723,0.002604495733976364,0.004098637495189905,0.0192406103014946
1645352836.854,0.00487496517598629,0.004549503792077303,0.009809873066842556,0.01957515813410282,NaN,NaN,NaN,NaN,0.0008673713309690356,0.0005685877404175699,0.0014193907845765352,0.012244473211467266,0.00224623316898942,0.0020932748448103666,0.00403573177754879,0.02140207216143608
1645352836.929,0.004940234124660492,0.004149643238633871,0.008350487798452377,0.019223399460315704,NaN,NaN,NaN,NaN,0.0006208778941072524,0.0007482818909920752,0.0013081957586109638,0.011946750804781914,0.0028668928425759077,0.0015877175610512495,0.0031735936645418406,0.017073435708880424
1645352837.075,0.005686479154974222,0.0061734262853860855,0.012736944481730461,0.021699104458093643,NaN,NaN,NaN,NaN,0.0009416646789759398,0.0006484549376182258,0.0014667280483990908,0.011691159568727016,0.002718037459999323,0.0032343962229788303,0.008027158677577972,0.021512819454073906
1645352837.209,0.0058089266531169415,0.00569811649620533,0.013444197364151478,0.023075135424733162,NaN,NaN,NaN,NaN,0.0006213838933035731,0.0006833149236626923,0.0011331093264743686,0.014525337144732475,0.0030317469500005245,0.002440384589135647,0.007168603595346212,0.020114675164222717
1645352837.292,0.006169022526592016,0.006334033329039812,0.012704026885330677,0.019656985998153687,NaN,NaN,NaN,NaN,0.0006112428964115679,0.0006331108743324876,0.0014851666055619717,0.013044257648289204,0.0020400630310177803,0.0027253967709839344,0.008045076392591,0.02108011394739151
1645352837.43,0.006127629429101944,0.0051580569706857204,0.011787157505750656,0.02150755375623703,NaN,NaN,NaN,NaN,0.000533234910108149,0.0007411002297885716,0.0008482877165079117,0.013714457862079144,0.00226356228813529,0.0029343287460505962,0.007963676005601883,0.019099345430731773
1645352837.589,0.0036524957977235317,0.006025335751473904,0.013983633369207382,0.019484030082821846,NaN,NaN,NaN,NaN,0.00044663986773230135,0.0005830171867273748,0.0012084742775186896,0.011427673511207104,0.0011270616669207811,0.0034268733579665422,0.009295699186623096,0.018531594425439835
1645352837.67,0.005723258946090937,0.005939108319580555,0.012549703940749168,0.02148333564400673,NaN,NaN,NaN,NaN,0.0006250963197089732,0.000758446694817394,0.0009253944153897464,0.012023042887449265,0.002033561933785677,0.003387978533282876,0.008735845796763897,0.020084915682673454
1645352837.811,0.0028772715013474226,0.006970594171434641,0.014528106898069382,0.018962936475872993,NaN,NaN,NaN,NaN,0.0005641187308356166,0.0006526256911456585,0.0011632675305008888,0.01076722051948309,0.001975081395357847,0.0037177070043981075,0.009745780378580093,0.019036419689655304
1645352837.949,0.005245838314294815,0.006938989739865065,0.012149910442531109,0.01741337962448597,NaN,NaN,NaN,NaN,0.000572114426176995,0.0007921690703369677,0.0008650135714560747,0.013370897620916367,0.0027460805140435696,0.003496411722153425,0.00837672408670187,0.01851658523082733
1645352838.047,0.003077420173212886,0.006325062830001116,0.015136977657675743,0.018295207992196083,NaN,NaN,NaN,NaN,0.0008749506087042391,0.0008482352131977677,0.0015708273276686668,0.01216511894017458,0.002618466503918171,0.004280851688235998,0.011220901273190975,0.017657477408647537
1645352838.193,0.004367441404610872,0.006547989323735237,0.013928499072790146,0.017854910343885422,NaN,NaN,NaN,NaN,0.0006029814830981195,0.0008886398863978684,0.0014150516362860799,0.014983445405960083,0.0018306428100913763,0.003892388893291354,0.008896407671272755,0.016289683058857918
1645352838.326,0.005900160409510136,0.006857297848910093,0.014952746219933033,0.018491417169570923,NaN,NaN,NaN,NaN,0.0006878109415993094,0.0011866213753819466,0.0015808978350833058,0.015121256932616234,0.0025275691878050566,0.004885973874479532,0.010823575779795647,0.01638553850352764
1645352838.435,0.004815841093659401,0.00792460236698389,0.016970627009868622,0.0216864924877882,NaN,NaN,NaN,NaN,0.000467540230602026,0.0006205579848028719,0.0015891336370259523,0.01646251603960991,0.0032670837827026844,0.00616502296179533,0.011136984452605247,0.021762771531939507
1645352838.596,0.0056913127191364765,0.013776921667158604,0.0206591933965683,0.024393897503614426,NaN,NaN,NaN,NaN,0.0008549964404664934,0.0014076312072575092,0.001879155053757131,0.016471276059746742,0.005570928566157818,0.01227677520364523,0.017152803018689156,0.02153778448700905
1645352838.722,0.007823225110769272,0.011432262137532234,0.017100917175412178,0.02655140496790409,NaN,NaN,NaN,NaN,0.0009053891990333796,0.0007477935287170112,0.001447457354515791,0.01817725971341133,0.0074365995824337006,0.011464073322713375,0.013388147577643394,0.024347972124814987
1645352838.81,0.00708926934748888,0.013168925419449806,0.01762794703245163,0.023691127076745033,NaN,NaN,NaN,NaN,0.0008689530659466982,0.0012720479862764478,0.0018071196973323822,0.020853180438280106,0.007211680524051189,0.012282057665288448,0.015782823786139488,0.021803829818964005
1645352838.929,0.008735137060284615,0.011580768041312695,0.013336380943655968,0.02619822509586811,NaN,NaN,NaN,NaN,0.0007519826758652925,0.0007633015629835427,0.0012787218438461423,0.0199335478246212,0.008093688637018204,0.010431621223688126,0.009181630797684193,0.025774890556931496
1645352839.077,0.006699271034449339,0.012681551277637482,0.017617834731936455,0.028745178133249283,NaN,NaN,NaN,NaN,0.0006324645364657044,0.0011641638120636344,0.0017790172714740038,0.020545508712530136,0.006480684969574213,0.012011921033263206,0.015310070477426052,0.023265555500984192
1645352839.17,0.010403839871287346,0.014347635209560394,0.016643190756440163,0.03131570667028427,NaN,NaN,NaN,NaN,0.0008258104790002108,0.0007788413786329329,0.0012145988876000047,0.020884603261947632,0.008415885269641876,0.012616154737770557,0.016772305592894554,0.04281119257211685
1645352839.326,0.005594921298325062,0.013133889064192772,0.01750553399324417,0.02994549833238125,NaN,NaN,NaN,NaN,0.0006527466466650367,0.001281354227103293,0.0020748653914779425,0.02075756900012493,0.006973351817578077,0.014691834338009357,0.022442404180765152,0.040705278515815735
1645352839.444,0.009781078435480595,0.013403702527284622,0.01622147113084793,0.037507202476263046,NaN,NaN,NaN,NaN,0.0010477666510269046,0.0010948765557259321,0.00152113800868392,0.020384596660733223,0.009982640855014324,0.013245047070086002,0.01747189089655876,0.04645078256726265
1645352839.551,0.005875134374946356,0.013017295859754086,0.01771717146039009,0.03614507615566254,NaN,NaN,NaN,NaN,0.0006226355908438563,0.001281568082049489,0.002197899390012026,0.022423196583986282,0.007947119884192944,0.014669246971607208,0.022562844678759575,0.043943677097558975
1645352839.692,0.0077426680363714695,0.011195166036486626,0.014607981778681278,0.04547184705734253,NaN,NaN,NaN,NaN,0.000975929549895227,0.0012614805018529296,0.0020141531713306904,0.022628292441368103,0.006714523304253817,0.011880571022629738,0.016790159046649933,0.05047217011451721
1645352839.832,0.00763695826753974,0.012847297824919224,0.015619611367583275,0.044497858732938766,NaN,NaN,NaN,NaN,0.000921756261959672,0.0013013302814215422,0.002146936021745205,0.022357460111379623,0.007400001399219036,0.014604135416448116,0.02141343057155609,0.04954419285058975
1645352839.949,0.0072374227456748486,0.010869596153497696,0.012600462883710861,0.045986518263816833,NaN,NaN,NaN,NaN,0.0007511985604651272,0.0010271179489791393,0.0018628487596288323,0.020285099744796753,0.0057939873076975346,0.011705202981829643,0.015412352047860622,0.0512777604162693
1645352840.073,0.008238079957664013,0.01303885504603386,0.016452284529805183,0.04914289340376854,NaN,NaN,NaN,NaN,0.0010223060380667448,0.0011146508622914553,0.0020357577595859766,0.018928304314613342,0.008657319471240044,0.013942724093794823,0.021239258348941803,0.052068985998630524
1645352840.215,0.00850499514490366,0.011748548597097397,0.012955911457538605,0.041461143642663956,NaN,NaN,NaN,NaN,0.0005795494071207941,0.0009970455430448055,0.0018793938215821981,0.01768593303859234,0.005036640912294388,0.012857177294790745,0.015043818391859531,0.04634074121713638
1645352840.295,0.007509448099881411,0.005894581787288189,0.009439842775464058,0.048732172697782516,NaN,NaN,NaN,NaN,0.00044821464689448476,0.0010299482382833958,0.0016233917558565736,0.016893023625016212,0.005220480728894472,0.00779505493119359,0.014668230898678303,0.04777827486395836
1645352840.434,0.004372712690383196,0.006072905845940113,0.00922307651489973,0.03825128450989723,NaN,NaN,NaN,NaN,0.0011963265715166926,0.0008707389351911843,0.001993706217035651,0.015843581408262253,0.0021099767182022333,0.005635072942823172,0.011230801232159138,0.04171953350305557
1645352840.571,0.004343682434409857,0.0046725403517484665,0.008523623459041119,0.04569125548005104,NaN,NaN,NaN,NaN,0.0008194861584343016,0.0009983096970245242,0.0017988800536841154,0.014580919407308102,0.003568447893485427,0.006788573693484068,0.0135994553565979,0.04871901869773865
1645352840.695,0.003667932702228427,0.00514296256005764,0.009626468643546104,0.04016850143671036,NaN,NaN,NaN,NaN,0.0010230854386463761,0.001071904436685145,0.0020519918762147427,0.013562513515353203,0.002769181039184332,0.006595707964152098,0.011506913229823112,0.04364250227808952
1645352840.817,0.005018220748752356,0.004934006370604038,0.009017989039421082,0.040336694568395615,NaN,NaN,NaN,NaN,0.0008679387392476201,0.001165750902146101,0.0018365333089604974,0.013530171476304531,0.003383866511285305,0.006353809032589197,0.015034317970275879,0.04859578236937523
1645352840.95,0.0044223289005458355,0.003604518948122859,0.006551552563905716,0.0381755493581295,NaN,NaN,NaN,NaN,0.0006802895222790539,0.0010438980534672737,0.002042838605120778,0.013045748695731163,0.004741713870316744,0.004514847416430712,0.00713007990270853,0.03056328371167183
1645352841.052,0.004429776221513748,0.003993063233792782,0.009062686935067177,0.036097344011068344,NaN,NaN,NaN,NaN,0.0006439986173063517,0.0009853349765762687,0.0015999533934518695,0.013912440277636051,0.0036401269026100636,0.0046034944243729115,0.007913438603281975,0.028275243937969208
